item, cost, calories per serving, servings left, week, cost per serving
Butter,4,100,30,1,0.125
Rice,6,160,46,1,0.12
Eggs,2,100,6,4,0.16666666666666666
Beef Ramen,5,340,10,6,0.4166666666666667
Nori,5,50,9,6,0.5
Pasta,4,210,11,7,0.3333333333333333
Peanut Butter,2,180,6,7,0.14285714285714285
