item, cost, calories per serving, servings left, week, cost per serving
Butter,4,100,30,1,0.125
Rice,6,160,46,1,0.12
Condiments,10,1,1,1,10.0
Condiments,10,90,8,2,0.1
Caprisun,8,100,3,3,0.4
Rice Paper,4,50,5,3,0.2
Potatoes,5.99,160,5,4,0.5445454545454546
Eggs,2,100,6,4,0.16666666666666666
Beef Ramen,5,340,10,6,0.4166666666666667
Nori,5,50,9,6,0.5
Chicken,5,500,5,7,1.25
Chicken Breasts,5,500,2,7,1.25
Pasta,4,210,11,7,0.3333333333333333
Peanut Butter,2,180,6,7,0.14285714285714285
